seed,branch,generation,teacher_generation,Q,D_previous,D_initial,D_teacher,G,A,L
42,initial,0,,0.7122,0.0,0.0,0.0,0.0,0.0,0.0
42,recursive,1,0,0.7172,0.08540206425119361,0.08540206425119361,0.08540206425119361,0.0,0.004999999999999893,0.0
42,recursive,2,1,0.7136,0.060917661626733295,0.09320886185836451,0.060917661626733295,0.0035999999999999366,0.004999999999999893,0.0
42,recursive,3,2,0.7057,0.050014883554061716,0.09837955834847507,0.050014883554061716,0.011499999999999955,0.004999999999999893,0.006500000000000061
42,recursive,4,3,0.6989,0.04322259646424351,0.10292473496255368,0.04322259646424351,0.018299999999999983,0.004999999999999893,0.01330000000000009
42,recursive,5,4,0.6953,0.03346743178453217,0.10372813906805828,0.03346743178453217,0.02189999999999992,0.004999999999999893,0.016900000000000026
42,fixed,1,0,0.7172,0.08540206425119361,0.08540206425119361,0.08540206425119361,0.0,0.004999999999999893,0.0
42,fixed,2,0,0.7155,0.07916675815929937,0.08670056666617358,0.08670056666617358,0.0016999999999999238,0.004999999999999893,0.0
42,fixed,3,0,0.7183,0.07938869657923263,0.08853945969420304,0.08853945969420304,0.0016999999999999238,0.007799999999999918,0.0
42,fixed,4,0,0.7097,0.08274073340314472,0.08826176730869525,0.08826176730869525,0.010299999999999976,0.007799999999999918,0.0025000000000000577
42,fixed,5,0,0.7208,0.0811395569559029,0.08703977829889842,0.08703977829889842,0.010299999999999976,0.018899999999999917,0.0
43,initial,0,,0.7119,0.0,0.0,0.0,0.0,0.0,0.0
43,recursive,1,0,0.7226,0.08331978538029132,0.08331978538029132,0.08331978538029132,0.0,0.010700000000000043,0.0
43,recursive,2,1,0.7303,0.05942242385943039,0.08705620759299437,0.05942242385943039,0.0,0.018399999999999972,0.0
43,recursive,3,2,0.723,0.04563127633699411,0.09027259549245938,0.04563127633699411,0.007299999999999973,0.018399999999999972,0.0
43,recursive,4,3,0.7223,0.03998151978938662,0.0932531922657526,0.03998151978938662,0.007999999999999896,0.018399999999999972,0.0
43,recursive,5,4,0.7151,0.037097112840254,0.10004787048764952,0.037097112840254,0.015199999999999991,0.018399999999999972,0.0
43,fixed,1,0,0.7226,0.08331978538029132,0.08331978538029132,0.08331978538029132,0.0,0.010700000000000043,0.0
43,fixed,2,0,0.7307,0.07811146211806118,0.08155825247416355,0.08155825247416355,0.0,0.01880000000000004,0.0
43,fixed,3,0,0.7297,0.07410661629415646,0.08211298621243857,0.08211298621243857,0.0010000000000000009,0.01880000000000004,0.0
43,fixed,4,0,0.7319,0.07863918473708113,0.08471611126650241,0.08471611126650241,0.0010000000000000009,0.02100000000000002,0.0
43,fixed,5,0,0.7266,0.0762212268776575,0.08486578665099534,0.08486578665099534,0.006299999999999972,0.02100000000000002,0.0
44,initial,0,,0.7215,0.0,0.0,0.0,0.0,0.0,0.0
44,recursive,1,0,0.7163,0.0812683840611273,0.0812683840611273,0.0812683840611273,0.005199999999999982,0.0,0.005199999999999982
44,recursive,2,1,0.717,0.04961726748592103,0.0844120668604017,0.04961726748592103,0.005199999999999982,0.0006999999999999229,0.0045000000000000595
44,recursive,3,2,0.709,0.042456618219093814,0.09125245067752127,0.042456618219093814,0.01319999999999999,0.0006999999999999229,0.012500000000000067
44,recursive,4,3,0.7005,0.037863019496071446,0.09571674915900173,0.037863019496071446,0.02169999999999994,0.0006999999999999229,0.02100000000000002
44,recursive,5,4,0.7048,0.030070992522438438,0.09693295634237643,0.030070992522438438,0.02169999999999994,0.004999999999999893,0.016700000000000048
44,fixed,1,0,0.7163,0.0812683840611273,0.0812683840611273,0.0812683840611273,0.005199999999999982,0.0,0.005199999999999982
44,fixed,2,0,0.7274,0.07026297877009222,0.07659442676593087,0.07659442676593087,0.005199999999999982,0.011099999999999999,0.0
44,fixed,3,0,0.7255,0.06926873300754693,0.07736668163207272,0.07736668163207272,0.007099999999999995,0.011099999999999999,0.0
44,fixed,4,0,0.727,0.07057138236081155,0.07801312246696022,0.07801312246696022,0.007099999999999995,0.012599999999999945,0.0
44,fixed,5,0,0.7256,0.0729620967445334,0.08069216442296376,0.08069216442296376,0.008499999999999952,0.012599999999999945,0.0
45,initial,0,,0.7147,0.0,0.0,0.0,0.0,0.0,0.0
45,recursive,1,0,0.7194,0.08249527703939148,0.08249527703939148,0.08249527703939148,0.0,0.0047000000000000375,0.0
45,recursive,2,1,0.7196,0.05372452227045052,0.08356457506386628,0.05372452227045052,0.0,0.0049000000000000155,0.0
45,recursive,3,2,0.7158,0.04191683622013813,0.08833467527648386,0.04191683622013813,0.0038000000000000256,0.0049000000000000155,0.0
45,recursive,4,3,0.7079,0.037662875997123035,0.09408400247964133,0.037662875997123035,0.011700000000000044,0.0049000000000000155,0.006800000000000028
45,recursive,5,4,0.7055,0.03292908730623543,0.0989863212293428,0.03292908730623543,0.014100000000000001,0.0049000000000000155,0.009199999999999986
45,fixed,1,0,0.7194,0.08249527703939148,0.08249527703939148,0.08249527703939148,0.0,0.0047000000000000375,0.0
45,fixed,2,0,0.7166,0.07489170665592346,0.07766894066437365,0.07766894066437365,0.0028000000000000247,0.0047000000000000375,0.0
45,fixed,3,0,0.7198,0.06919255995135228,0.07791302254318097,0.07791302254318097,0.0028000000000000247,0.007900000000000018,0.0
45,fixed,4,0,0.7183,0.07299960509366556,0.08039220889980155,0.08039220889980155,0.0042999999999999705,0.007900000000000018,0.0
45,fixed,5,0,0.7188,0.07748654258298178,0.08137721412262354,0.08137721412262354,0.0042999999999999705,0.008399999999999963,0.0
46,initial,0,,0.7115,0.0,0.0,0.0,0.0,0.0,0.0
46,recursive,1,0,0.7192,0.08480259993316797,0.08480259993316797,0.08480259993316797,0.0,0.007699999999999929,0.0
46,recursive,2,1,0.7233,0.061305533485597946,0.09126625869672643,0.061305533485597946,0.0,0.011800000000000033,0.0
46,recursive,3,2,0.7215,0.048500565201151764,0.09374959630952599,0.048500565201151764,0.0018000000000000238,0.011800000000000033,0.0
46,recursive,4,3,0.7173,0.040241810572989964,0.09533780110905239,0.040241810572989964,0.006000000000000005,0.011800000000000033,0.0
46,recursive,5,4,0.7129,0.034571205634605404,0.09923761788450397,0.034571205634605404,0.010400000000000076,0.011800000000000033,0.0
46,fixed,1,0,0.7192,0.08480259993316797,0.08480259993316797,0.08480259993316797,0.0,0.007699999999999929,0.0
46,fixed,2,0,0.7238,0.07635134864886177,0.0831160613983387,0.0831160613983387,0.0,0.012299999999999978,0.0
46,fixed,3,0,0.7191,0.07565154359637033,0.08409846516717455,0.08409846516717455,0.0047000000000000375,0.012299999999999978,0.0
46,fixed,4,0,0.7182,0.07608853267106824,0.08368170520322898,0.08368170520322898,0.005600000000000049,0.012299999999999978,0.0
46,fixed,5,0,0.7189,0.07622360655745905,0.0819609727777272,0.0819609727777272,0.005600000000000049,0.013000000000000012,0.0
