branch,generation,n,Q_mean,Q_sd,D_previous_mean,D_previous_sd,D_initial_mean,D_initial_sd,D_teacher_mean,D_teacher_sd,G_mean,G_sd,A_mean,A_sd,L_mean,L_sd
fixed,1,5,0.7189399999999999,0.0024326939799325397,0.08345762213303434,0.0016828317517562827,0.08345762213303434,0.0016828317517562827,0.08345762213303434,0.0016828317517562827,0.0010399999999999964,0.0023255106965997733,0.005619999999999981,0.003966988782439403,0.0010399999999999964,0.0023255106965997733
fixed,2,5,0.7228000000000001,0.00663890051137988,0.0757568508704476,0.00348052419261381,0.08112764959379606,0.00411428553050729,0.08112764959379606,0.00411428553050729,0.0019399999999999862,0.0021766947420343514,0.01037999999999999,0.005837550856309547,0.0,0.0
fixed,3,5,0.72248,0.004932747712989189,0.07352162988573172,0.004362602189405357,0.08200612304981397,0.004619298956729701,0.08200612304981397,0.004619298956729701,0.0034599999999999965,0.00246840029168692,0.01157999999999999,0.004491881565669363,0.0,0.0
fixed,4,5,0.72102,0.008625949223129007,0.07620788765315424,0.004760955618553782,0.08301298302903767,0.003961206704735826,0.08301298302903767,0.003961206704735826,0.005659999999999998,0.0034340937669201693,0.012319999999999975,0.005370940327354253,0.0005000000000000115,0.0011180339887499203
fixed,5,5,0.72214,0.0037186018878067775,0.07680660594370692,0.0029453177343617223,0.08318718325464165,0.0026769804491377234,0.08318718325464165,0.0026769804491377234,0.006999999999999984,0.002391652148620267,0.01477999999999997,0.0051060748133962995,0.0,0.0
initial,0,5,0.71436,0.004183061080118249,0.0,0.0,0.0,0.0,0.0,0.0,0.0,0.0,0.0,0.0,0.0,0.0
recursive,1,5,0.7189399999999999,0.0024326939799325397,0.08345762213303434,0.0016828317517562827,0.08345762213303434,0.0016828317517562827,0.08345762213303434,0.0016828317517562827,0.0010399999999999964,0.0023255106965997733,0.005619999999999981,0.003966988782439403,0.0010399999999999964,0.0023255106965997733
recursive,2,5,0.72076,0.006407261505510745,0.05699748174562663,0.005123165295867129,0.08790159401447066,0.004218686754469678,0.05699748174562663,0.005123165295867129,0.0017599999999999838,0.0024754797514825104,0.008159999999999968,0.006970867951697289,0.0009000000000000119,0.002012461179749837
recursive,3,5,0.7150000000000001,0.007572648149755812,0.04570403590628791,0.003581126938274688,0.09239777522089312,0.003871242952436299,0.04570403590628791,0.003581126938274688,0.007519999999999994,0.0048659017663738105,0.008159999999999968,0.006970867951697289,0.0038000000000000256,0.005619163638834553
recursive,4,5,0.70938,0.010253389683416927,0.039794364463962915,0.002250630259135032,0.09626329599520035,0.0038516252424532103,0.039794364463962915,0.002250630259135032,0.013139999999999975,0.006696491618750816,0.008159999999999968,0.006970867951697289,0.008220000000000028,0.009031721873485716
recursive,5,5,0.70672,0.007810377711737096,0.033627166017613085,0.0025539645940520638,0.0997865810023862,0.002484406472859066,0.033627166017613085,0.0025539645940520638,0.016659999999999987,0.005018266633011782,0.009019999999999962,0.006020963378065034,0.008560000000000012,0.008407912939606375
